<?xml version="1.0" encoding="UTF-8"?> 
 <beans 
 xmlns="http://www.springframework.org/schema/beans"  
     xmlns:xsi="http://www.w3.org/2001/XMLSchema-instance"
           xmlns:p="http://www.springframework.org/schema/p" 
           xsi:schemaLocation="http://www.springframework.org/schema/beans
           http://www.springframework.org/schema/beans/spring-beans-3.0.xsd"> 
	
	
	<bean id="add" class="com.cg.Address">
		<property name="city"> <value>Pune</value></property>
		<property name="state"><value>MH</value></property>
	</bean>
	
	<bean id="empbean" class="com.cg.Customer">
		<property name="id"> <value>20</value></property>
		<property name="name"><value>Alisa</value></property>
		<property name="address" ref="add"></property>
	</bean>
	
	<bean id="updateAdd" class="com.cg.Address">
		<property name="city"> <value>Tiruvuru</value></property>
		<property name="state"><value>Andhra Pradesh</value></property>
	</bean>
	
	<bean id="updateEmp" class="com.cg.Customer">
		<property name="id"> <value>21</value></property>
		<property name="name"><value>Prasanth</value></property>
		<property name="address" ref="updateAdd"></property>
	</bean>
	
	<bean id="account" class="com.cg.Account" scope="prototype">
		<property name="id"> <value>25</value></property>
		<property name="holderName"> <value>Prasanth</value></property>
		<property name="balance"><value>25000f</value></property>
	</bean>

	<bean id="custdetails" class="com.cg.Customer" autowire="byName">
		<property name="id"> <value>20</value></property>
		<property name="name"><value>Prasanth</value></property>
		<property name="address" ref="updateAdd"></property>
	</bean>
	
	
	
 </beans>